<assembly>
	<id>dist</id>
	<formats>
		<format>zip</format>
		<format>tar.gz</format>
	</formats>
	<fileSets>
    <!-- Module POMs -->
    <fileSet>
      <directory>slf4j-api/</directory>
      <outputDirectory>slf4j-api/</outputDirectory>
      <includes>
        <include>pom.xml</include>
      </includes>
    </fileSet>

    <fileSet>
      <directory>slf4j-jcl/</directory>
      <outputDirectory>slf4j-jcl/</outputDirectory>
      <includes>
        <include>pom.xml</include>
      </includes>
    </fileSet>

    <fileSet>
      <directory>slf4j-jdk14/</directory>
      <outputDirectory>slf4j-jdk14/</outputDirectory>
      <includes>
        <include>pom.xml</include>
      </includes>
    </fileSet>

    <fileSet>
      <directory>slf4j-log4j12/</directory>
      <outputDirectory>slf4j-log4j12/</outputDirectory>
      <includes>
        <include>pom.xml</include>
      </includes>
    </fileSet>

    <fileSet>
      <directory>slf4j-nop/</directory>
      <outputDirectory>slf4j-nop/</outputDirectory>
      <includes>
        <include>pom.xml</include>
      </includes>
    </fileSet>

    <fileSet>
      <directory>slf4j-simple/</directory>
      <outputDirectory>slf4j-simple/</outputDirectory>
      <includes>
        <include>pom.xml</include>
      </includes>
    </fileSet>

    <fileSet>
      <directory>jcl104-over-slf4j/</directory>
      <outputDirectory>jcl104-over-slf4j/</outputDirectory>
      <includes>
        <include>pom.xml</include>
      </includes>
    </fileSet>

    <fileSet>
      <directory>jcl-over-slf4j/</directory>
      <outputDirectory>jcl-over-slf4j/</outputDirectory>
      <includes>
        <include>pom.xml</include>
      </includes>
    </fileSet>

    <fileSet>
      <directory>jul-to-slf4j/</directory>
      <outputDirectory>jul-to-slf4j/</outputDirectory>
      <includes>
        <include>pom.xml</include>
      </includes>
    </fileSet>

    <fileSet>
      <directory>log4j-over-slf4j/</directory>
      <outputDirectory>log4j-over-slf4j/</outputDirectory>
      <includes>
        <include>pom.xml</include>
      </includes>
    </fileSet>

    <fileSet>
      <directory>slf4j-site/</directory>
      <outputDirectory>slf4j-site/</outputDirectory>
      <includes>
        <include>pom.xml</include>
      </includes>
    </fileSet>

    <fileSet>
      <directory>slf4j-migrator/</directory>
      <outputDirectory>slf4j-migrator/</outputDirectory>
      <includes>
        <include>pom.xml</include>
      </includes>
    </fileSet>

		<!-- Module Source directories (includes tests) -->
		<fileSet>
			<directory>slf4j-api/src/</directory>
			<outputDirectory>slf4j-api/src/</outputDirectory>
      <excludes>
        <exclude>
          test/output/
        </exclude>
      </excludes>
    </fileSet>
		
    <fileSet>
      <directory>slf4j-jcl/src/</directory>
			<outputDirectory>slf4j-jcl/src/</outputDirectory>    
    </fileSet>

    <fileSet>
      <directory>slf4j-jdk14/src/</directory>
			<outputDirectory>slf4j-jdk14/src/</outputDirectory>    
    </fileSet>

    <fileSet>
      <directory>slf4j-log4j12/src/</directory>
			<outputDirectory>slf4j-log4j12/src/</outputDirectory>    
    </fileSet>
    <fileSet>
      <directory>slf4j-nop/src/</directory>
			<outputDirectory>slf4j-nop/src/</outputDirectory>    
    </fileSet>
    <fileSet>
      <directory>slf4j-simple/src/</directory>
      <outputDirectory>slf4j-simple/src/</outputDirectory>    
    </fileSet>  
    <fileSet>
      <directory>jcl-over-slf4j/src/</directory>
			<outputDirectory>jcl-over-slf4j/src/</outputDirectory>    
    </fileSet>
    <fileSet>
      <directory>jul-to-slf4j/src/</directory>
      <outputDirectory>jul-to-slf4j/src/</outputDirectory>    
    </fileSet>
    <fileSet>
      <directory>log4j-over-slf4j/src/</directory>
			<outputDirectory>log4j-over-slf4j/src/</outputDirectory>    
    </fileSet>
    <fileSet>
      <directory>slf4j-site/src/</directory>
			<outputDirectory>slf4j-site/src/</outputDirectory>    
    </fileSet>
   <fileSet>
      <directory>slf4j-migrator/src/</directory>
			<outputDirectory>slf4j-migrator/src/</outputDirectory>    
    </fileSet>


		<!-- Module JARs -->
		<fileSet>
			<directory>slf4j-api/target/</directory>
			<outputDirectory>/</outputDirectory>
			<includes>
				<include>slf4j-api-${project.version}-sources.jar</include>
				<include>slf4j-api-${project.version}.jar</include>
			</includes>
		</fileSet>

		<fileSet>
			<directory>slf4j-jcl/target/</directory>
			<outputDirectory>/</outputDirectory>
			<includes>
				<include>slf4j-jcl-${project.version}.jar</include>
				<include>slf4j-jcl-${project.version}-sources.jar</include>
			</includes>
		</fileSet>

    <fileSet>
			<directory>slf4j-jdk14/target/</directory>
			<outputDirectory>/</outputDirectory>
			<includes>
        <include>slf4j-jdk14-${project.version}-sources.jar</include>
				<include>slf4j-jdk14-${project.version}.jar</include>
			</includes>
		</fileSet>

    <fileSet>
			<directory>slf4j-log4j12/target/</directory>
			<outputDirectory>/</outputDirectory>
			<includes>
				<include>slf4j-log4j12-${project.version}.jar</include>
				<include>slf4j-log4j12-${project.version}-sources.jar</include>
			</includes>
		</fileSet>

    <fileSet>
			<directory>slf4j-nop/target/</directory>
			<outputDirectory>/</outputDirectory>
			<includes>
				<include>slf4j-nop-${project.version}.jar</include>
				<include>slf4j-nop-${project.version}-sources.jar</include>
			</includes>
		</fileSet>

    <fileSet>
			<directory>slf4j-simple/target/</directory>
			<outputDirectory>/</outputDirectory>
			<includes>
				<include>slf4j-simple-${project.version}-sources*.jar</include>
				<include>slf4j-simple-${project.version}.jar</include>
			</includes>    
		</fileSet>
		
    <fileSet>
			<directory>jcl-over-slf4j/target/</directory>
			<outputDirectory>/</outputDirectory>
			<includes>
				<include>jcl-over-slf4j-${project.version}-sources.jar</include>
				<include>jcl-over-slf4j-${project.version}.jar</include>
			</includes>    
		</fileSet>
    <fileSet>
      <directory>jul-to-slf4j/target/</directory>
      <outputDirectory>/</outputDirectory>
      <includes>
				<include>jul-to-slf4j-${project.version}-sources.jar</include>
				<include>jul-to-slf4j-${project.version}.jar</include>
			</includes>    
		</fileSet>
    <fileSet>
			<directory>log4j-over-slf4j/target/</directory>
			<outputDirectory>/</outputDirectory>
			<includes>
				<include>log4j-over-slf4j-${project.version}.jar</include>
				<include>log4j-over-slf4j-${project.version}-sources.jar</include>
			</includes>    
		</fileSet>

    <fileSet>
      <directory>slf4j-migrator/target/</directory>
      <outputDirectory>/</outputDirectory>
      <includes>
        <include>slf4j-migrator-${project.version}.jar</include>
        <include>slf4j-migrator-${project.version}-sources.jar</include>
      </includes>    
    </fileSet>

		<!-- Website -->
		<fileSet>
			<directory>target/site</directory>
			<outputDirectory>/site</outputDirectory>
      <excludes>
        <exclude>dist/*</exclude>
      </excludes>
		</fileSet>
		
		<!-- Parent files -->
		<fileSet>
			<includes>
				<include>src/</include>
				<include>README*</include>
				<include>LICENSE*</include>
				<include>pom.xml</include>
			</includes>
		</fileSet>
	</fileSets>
	
</assembly>