<?xml version="1.0" encoding="UTF-8" ?>
<!DOCTYPE log4j:configuration SYSTEM "log4j.dtd">

<log4j:configuration debug="false" xmlns:log4j="http://jakarta.apache.org/log4j/">

    <appender name="console" class="org.apache.log4j.ConsoleAppender">
        <param name="Threshold" value="debug"/>
        <layout class="org.apache.log4j.PatternLayout">
            <param name="ConversionPattern" value="%d - %m%n"/>
        </layout>
    </appender>

    <root>
        <priority value="fatal"/>
        <appender-ref ref="console"/>
    </root>


</log4j:configuration>
